"","baseMean","log2FoldChange","lfcSE","pvalue","padj"
"gene-PB1",19375.4363864387,-1.44497993081816,0.7581811411172,0.0150136945287223,0.0600547781148891
"gene-PB2",25681.1710300293,-1.44986793059631,0.767766045480226,0.014998250934416,0.0600547781148891
"gene-M1",3889.96588081213,0.273701718094755,0.574733763057916,0.286200791870456,0.572401583740913
"gene-NS1",4222.07244391285,0.316141984235909,0.600531428019548,0.219638404260225,0.572401583740913
"gene-N1",5405.78763651368,0.17512230096817,0.523849790058015,0.499712819896646,0.674735710375224
"gene-PA",13144.4283017154,-0.204697509071078,0.488375041066007,0.506051782781418,0.674735710375224
"gene-NP",7653.4266526901,0.135626369537815,0.511425315905723,0.603102780516958,0.689260320590809
"gene-HA",8323.12841372674,0.0387454619482969,0.488538185496787,0.885713675205274,0.885713675205274
