"","baseMean","log2FoldChange","lfcSE","pvalue","padj"
"gene-M1",3889.96588081213,0.747296215200017,1.04972321421637,0.0266774591074802,0.142992777771149
"gene-PB2",25681.1710300293,-1.14271341208503,0.734088532992915,0.0357481944427874,0.142992777771149
"gene-NS1",4222.07244391285,0.540674194434159,0.793452716206966,0.0734098874095211,0.195759699758723
"gene-PB1",19375.4363864387,-0.743599885823934,0.644306293295573,0.101639719491524,0.203279438983049
"gene-N1",5405.78763651368,0.227441852682949,0.563405394130588,0.424433163320816,0.612630264963206
"gene-NP",7653.4266526901,-0.245830476365675,0.514932062092991,0.466188423987209,0.612630264963206
"gene-PA",13144.4283017154,-0.204462913089367,0.506799671619029,0.536051481842806,0.612630264963206
"gene-HA",8323.12841372674,-0.0334946888435771,0.502852676460149,0.911383459341388,0.911383459341388
