"","baseMean","log2FoldChange","lfcSE","pvalue","padj"
"gene-PB2",25681.1710300293,-1.85529549491419,0.764652936730467,0.0059073969688479,0.0472591757507832
"gene-M1",3889.96588081213,1.14540115052477,1.09594368888684,0.0223780431736142,0.0895121726944567
"gene-PA",13144.4283017154,-1.09474676203579,0.707531763615947,0.0564646198806584,0.150572319681756
"gene-NS1",4222.07244391285,0.677245835637989,0.828460812627275,0.112754075230116,0.180406520368185
"gene-PB1",19375.4363864387,-0.861528923882846,0.668365246459437,0.107129095829087,0.180406520368185
"gene-N1",5405.78763651368,0.398806627592482,0.688044811464219,0.323346022650941,0.431128030201255
"gene-HA",8323.12841372674,-0.262834071827468,0.590511221551241,0.547379891543934,0.625577018907353
"gene-NP",7653.4266526901,0.163076540387443,0.61686913394553,0.685219582118939,0.685219582118939
