ID	Name	avian-rep1	avian-rep2	avian-rep3	mock-rep1	mock-rep2	mock-rep3	reass-rep1	reass-rep2	reass-rep3	swine-rep1	swine-rep2	swine-rep3
gene-HA	HA	58400.45042672318	60984.979363769264	84127.15019830757	0.0	0.0	0.0	78287.41427038483	99389.11478797058	119423.96431888205	71361.86971895405	91265.5566204073	105087.55102773196
gene-M1	M1	85755.99137513794	89320.18545663648	88480.30155089845	0.0	0.0	0.0	33881.170105048055	41634.369525033166	45798.790617924	41507.95746742295	58943.252467082326	50694.73262361089
gene-N1	N1	60435.59835483501	60315.32897851156	67507.43850690563	0.0	0.0	0.0	50737.391634970445	46298.209896271685	49381.81010240769	65281.70170801881	62951.46176056963	62297.98102340794
gene-NP	NP	60573.50882481874	56912.121130822874	67499.6905548092	3.8908785805332164	0.0	0.0	56991.909088740555	63880.43969273208	64642.94088982152	112314.77102953804	143468.32573861518	182662.02518735718
gene-NS1	NS1	90604.23462868159	82808.53181350081	98320.99909202271	0.0	0.0	0.0	57499.564308313595	68208.19120956225	77256.71190978412	69246.8969360588	72865.36107841675	75266.23578063297
gene-PA	PA	78572.19486897968	88245.97869422671	91266.41463633011	0.0	0.0	0.0	175203.2166424938	167106.05968047178	156448.72786765805	120081.01038146243	82681.00538967429	84432.65379919103
gene-PB1	PB1	219705.61013455337	244594.36178876887	215102.89827049026	0.0	0.0	1.4019341251582889	112351.0842871078	149002.98588416498	136916.54983533456	187154.20934565907	130969.20273196971	173509.38126546977
gene-PB2	PB2	220740.69919171877	235079.71722385724	229932.91359282404	0.0	0.0	0.0	288105.2230084665	238126.24553061186	244651.2640694564	254032.809923524	170382.25941239664	223500.38688090333
