ID	Name	avian-rep1	avian-rep2	avian-rep3	mock-rep1	mock-rep2	mock-rep3	reass-rep1	reass-rep2	reass-rep3	swine-rep1	swine-rep2	swine-rep3
gene-HA	HA	16022.94340497849	20670.760189533856	15291.884372473625	0.0	0.5163376803261518	0.0	71085.47419509437	74930.33956434563	60433.231067840265	48142.690632831036	35938.9157978172	26509.1329047692
gene-M1	M1	26660.066814778213	14556.201869039722	30744.20950553924	0.0	0.0	0.0	82555.43273090146	63226.905802622605	60889.634977029185	65655.2340164845	27446.235502726482	41161.43520908783
gene-N1	N1	7257.491013555162	6334.628304609989	7385.337679470673	0.0	0.0	0.0	26325.902401669297	17385.02532041005	17519.901395877198	15561.14520456356	9668.38006924303	15267.97102488202
gene-NP	NP	20742.567249753072	15843.997665339199	19129.134165624277	0.0	0.0	0.0	72068.85422716233	65653.77897368016	73751.09040902194	32347.719039387033	21220.782154354205	8241.416321307403
gene-NS1	NS1	32205.921575297252	20665.713049261998	30396.230371595517	0.0	0.0	0.0	92944.45370797055	60178.71331131144	56636.114994551426	27479.080664633333	14130.195889202358	17497.42357204564
gene-PA	PA	4317.757895942389	3761.0966339621637	4819.894595764478	0.0	0.0	0.0	57890.96475038661	39773.109340571544	50928.47108792396	11991.031179325886	11106.152498253037	16017.704972555997
gene-PB1	PB1	3841.769838595214	3133.5080025115412	4156.964038788147	0.0	0.0	0.0	169101.42973881998	59590.482232152295	88691.07416729192	7001.527402906777	10330.320873056635	5536.863136473618
gene-PB2	PB2	3443.179557352337	3170.5064011887375	4276.500776320429	0.0	0.0	0.0	20883.573007714163	14093.227628839482	18278.936489319927	2325.2557130899736	4949.460214870622	1769.278161672855
