ID	mock-reass	avian-reass	mock-avian	avian-swine	mock-swine	swine-reass
gene-HA	0.625577018907353	0.00259614007719968	0.885713675205274	0.309888966019547	0.911383459341388	0.0686802434896357
gene-M1	0.0895121726944567	6.8545854324073e-09	0.572401583740913	4.89871015883998e-08	0.142992777771149	0.846240938695602
gene-N1	0.431128030201255	0.00591610079086149	0.674735710375224	0.309888966019547	0.612630264963206	0.13088012389756
gene-NP	0.685219582118939	0.582750364810582	0.689260320590809	1.71305160581394e-08	0.612630264963206	2.16572115609146e-07
gene-NS1	0.180406520368185	0.00591610079086149	0.572401583740913	1.04025295909397e-05	0.195759699758723	0.13088012389756
gene-PA	0.150572319681756	6.69615566928841e-12	0.674735710375224	0.790181536715012	0.612630264963206	9.28910652808499e-13
gene-PB1	0.180406520368185	6.36462439834012e-09	0.0600547781148891	2.01442798310033e-08	0.203279438983049	0.850002853752096
gene-PB2	0.0472591757507832	0.0827109969964353	0.0600547781148891	0.0994679706459179	0.142992777771149	0.000667695005318295
