ID	avian-swine	mock-reass	mock-avian	avian-reass	mock-swine	swine-reass
gene-HA	0.536853099342684	6.83378608581695e-58	1.3054391705033e-59	0.65988467253785	2.30230290369151e-57	0.937883421087987
gene-M1	0.0022405902572423	3.84335886368619e-48	2.82968541786081e-58	0.000645715630006204	2.29811406726673e-49	0.701575166362551
gene-N1	0.206492292910578	4.17545427315649e-53	2.05372790756358e-59	0.0601509897806445	2.55407484126262e-55	0.558076091481176
gene-NP	0.506704388492157	8.5689805900069e-51	4.83745136684118e-55	0.253993315633565	9.6608859746806e-58	0.0595151965753158
gene-NS1	0.0608326482159929	1.83922077865522e-50	9.20234278279674e-57	0.0546763299039148	7.26589514609188e-51	0.887585900253705
gene-PA	0.262051164106875	4.31552602707766e-66	3.55903115210878e-65	0.928650383493769	2.83595615604794e-61	0.251561566354317
gene-PB1	0.0499191140017849	1.03656800535505e-60	1.15129880785416e-69	0.014112043639615	1.37937919943076e-62	0.617904672547454
gene-PB2	0.198575949997419	2.9492272924999e-69	1.6444913283081e-72	0.382653296003499	8.99180128219493e-68	0.828032688786118
