ID	avian-swine	mock-reass	mock-avian	avian-reass	mock-swine	swine-reass
gene-HA	0.100954177001846	4.24437446366528e-61	7.10140979787547e-45	6.57926033406849e-12	7.00092700871963e-49	8.01748110792445e-07
gene-M1	0.348824694553184	1.78998069886592e-54	7.16868093403937e-42	2.22028268957238e-05	8.47294342584069e-45	0.00213246556271644
gene-NA	0.212270745049742	1.72598203787627e-51	6.87136843940049e-39	5.97186576740553e-07	3.08503674334199e-42	0.000489757737948647
gene-NP	0.747208597374456	3.05600900401151e-60	6.12188536861875e-45	3.54006526016725e-07	1.65932819632886e-44	4.2471673503034e-08
gene-NS1	0.152520844061653	1.78998069886592e-54	2.3557379542725e-42	3.78080168478992e-05	5.17840662372664e-39	1.01231350360109e-08
gene-PA	0.00382774214648888	6.89808047250745e-64	6.44115499545169e-40	7.00267372534659e-29	5.56531856803885e-46	4.17653957131421e-15
gene-PB1	0.338739289920098	1.24689624981531e-66	1.63234490478536e-36	5.91885247475447e-27	2.23058379005547e-39	1.66084163302388e-21
gene-PB2	0.130443705282396	1.07076727380721e-54	1.86853693153775e-38	4.65529765090501e-12	2.43685072418194e-35	2.45246511555579e-18
